{
  "apps\\desktop\\main.js": 1771912243.501935,
  "apps\\desktop\\preload.js": 1771912245.4731069,
  "apps\\mobile\\App.js": 1774606629.875392,
  "apps\\mobile\\index.js": 499162500.0,
  "apps\\server\\src\\main.ts": 1774605363.9683752,
  "apps\\server\\src\\controllers\\auth-controller.ts": 1774611993.020462,
  "apps\\server\\src\\controllers\\user-controller.ts": 1774607924.0606205,
  "apps\\server\\src\\lib\\prisma.ts": 1774599808.1493514,
  "apps\\server\\src\\managers\\bot-manager.ts": 1774605540.374337,
  "apps\\server\\src\\managers\\lobby-manager.ts": 1774612016.0445743,
  "apps\\server\\src\\services\\account-service.ts": 1771912321.6591125,
  "apps\\server\\src\\services\\anti-cheat-service.ts": 1774612038.1449587,
  "apps\\server\\src\\services\\auth-service.test.ts": 1774612580.8075929,
  "apps\\server\\src\\services\\auth-service.ts": 1774612067.9256468,
  "apps\\server\\src\\services\\auth.ts": 1774612121.7594275,
  "apps\\server\\src\\services\\email-service.ts": 1771935652.715002,
  "apps\\server\\src\\services\\leaderboard-service.ts": 1771911852.721011,
  "apps\\server\\src\\services\\matchmaking-service.ts": 1774612205.6716325,
  "apps\\server\\src\\services\\monetization-service.ts": 1771911776.0420098,
  "apps\\server\\src\\services\\profile-service.ts": 1774612227.4950976,
  "apps\\server\\src\\services\\redis-service.ts": 1774599860.54232,
  "apps\\server\\src\\services\\season-service.ts": 1771912365.9766452,
  "apps\\server\\src\\services\\subscription-service.ts": 1771912269.6090138,
  "apps\\server\\src\\services\\tournament-service.ts": 1771911850.6410892,
  "apps\\server\\src\\sockets\\game-handler.ts": 1774612784.868397,
  "apps\\server\\src\\sockets\\socket-manager.ts": 1774605985.657213,
  "apps\\web\\postcss.config.js": 1771913877.9010346,
  "apps\\web\\tailwind.config.js": 1771933976.3788877,
  "apps\\web\\vite.config.d.ts": 1774610117.6327515,
  "apps\\web\\vite.config.js": 1774610486.169856,
  "apps\\web\\vite.config.ts": 1774615984.1068926,
  "apps\\web\\src\\App.tsx": 1771930777.1651938,
  "apps\\web\\src\\main.tsx": 1771912709.2675452,
  "apps\\web\\src\\components\\AdContainer.tsx": 1774612251.807154,
  "apps\\web\\src\\components\\CardReveal.tsx": 1774612254.6270802,
  "apps\\web\\src\\components\\Chat.tsx": 1774612933.8433824,
  "apps\\web\\src\\components\\PremiumAdUnit.tsx": 1774612265.6137042,
  "apps\\web\\src\\components\\PremiumReveal.tsx": 1771912368.0353813,
  "apps\\web\\src\\components\\RoleReveal.tsx": 1774601558.9483786,
  "apps\\web\\src\\components\\Voting.tsx": 1774605607.7539444,
  "apps\\web\\src\\constants\\navigation.ts": 1771920672.483751,
  "apps\\web\\src\\contexts\\SocketContext.tsx": 1771930499.4744854,
  "apps\\web\\src\\pages\\AdminDashboard.tsx": 1774612948.9611027,
  "apps\\web\\src\\pages\\BattlePass.tsx": 1771927964.7503798,
  "apps\\web\\src\\pages\\BotTraining.tsx": 1771931356.4478765,
  "apps\\web\\src\\pages\\Game.tsx": 1774612291.21583,
  "apps\\web\\src\\pages\\Home.tsx": 1774601554.2807207,
  "apps\\web\\src\\pages\\LanConnect.tsx": 1774612472.9792356,
  "apps\\web\\src\\pages\\Leaderboard.tsx": 1774612985.42996,
  "apps\\web\\src\\pages\\Lobby.tsx": 1774605633.295431,
  "apps\\web\\src\\pages\\Login.tsx": 1771936681.1812346,
  "apps\\web\\src\\pages\\Play.tsx": 1771930950.4554193,
  "apps\\web\\src\\pages\\Profile.tsx": 1771927932.9299672,
  "apps\\web\\src\\pages\\Ranked.tsx": 1774613110.9497035,
  "apps\\web\\src\\pages\\Settings.tsx": 1774612314.081582,
  "apps\\web\\src\\pages\\Store.tsx": 1774612317.601115,
  "apps\\web\\src\\pages\\Tournament.tsx": 1774612820.3336477,
  "apps\\web\\src\\services\\api.ts": 1774601967.339301,
  "apps\\web\\src\\utils\\audioManager.ts": 1771921862.9874148,
  "graphify-out\\ast_extract.py": 1776080504.3714612,
  "graphify-out\\cache_check.py": 1776080504.3759177,
  "packages\\shared\\src\\bot-engine.ts": 1774614314.7293482,
  "packages\\shared\\src\\encryption-service.ts": 1771911149.3996902,
  "packages\\shared\\src\\game-engine.test.ts": 1774612363.3398268,
  "packages\\shared\\src\\game-engine.ts": 1774612588.6074643,
  "packages\\shared\\src\\index.ts": 1774604408.8795211,
  "packages\\shared\\src\\mmr-service.ts": 1774612636.183221,
  "packages\\shared\\src\\moderation-service.ts": 1771911151.3953,
  "README.md": 1774607095.6889193,
  "ROADMAP.md": 1774606922.3567054,
  "docs\\architecture.md": 1774606766.3960373,
  "docs\\build-instructions.md": 1774606793.877973,
  "docs\\installation.md": 1774606782.2009444,
  "docs\\release-notes.md": 1774606804.9656894,
  "apps\\mobile\\assets\\adaptive-icon.png": 499162500.0,
  "apps\\mobile\\assets\\favicon.png": 499162500.0,
  "apps\\mobile\\assets\\icon.png": 499162500.0,
  "apps\\mobile\\assets\\splash-icon.png": 499162500.0
}